test1,,109371.284,196408.962,8.584
test2,,109371.270,196408.943,8.585
pijkestr1,,109371.277,196408.961,8.585
pijkestr2,,109372.117,196409.582,8.492
pijkestroef1,,109372.108,196409.556,8.491
pijkestroef2,,109372.093,196409.546,8.487
test1-1,,106032.805,207261.707,6.335
test1-2,,106033.202,207260.280,6.268
schurfert1-1,,203742.886,186902.061,20.597
schurfert1-2,,203743.304,186902.582,20.127
schurfert1-3,,203743.769,186903.371,20.187
schurfert1-4,,203744.463,186904.322,20.207
schurfert1-5,,203745.510,186905.396,20.479
schurfert1-6,,203745.573,186899.634,20.564
schurfert1-7,,203746.108,186900.364,20.197
schurfert1-8,,203746.774,186901.297,20.215
schurfert1-9,,203747.555,186902.402,20.235
schurfert1-10,,203748.389,186903.560,20.615
schurfert1-11,,203747.793,186897.983,20.621
schurfert1-12,,203748.348,186898.708,20.169
schurfert1-13,,203748.852,186899.697,20.187
schurfert1-14,,203749.416,186900.546,20.210
schurfert1-15,,203750.283,186901.875,20.515
schurfert1-16,,203750.908,186896.022,20.680
schurfert1-17,,203751.392,186897.018,20.293
schurfert1-18,,203752.077,186898.040,20.104
schurfert1-19,,203752.531,186899.161,20.239
schurfert1-20,,203753.093,186900.469,20.631
schurfert1-21,,203752.774,186895.384,20.604
schurfert1-22,,203753.093,186896.144,20.175
schurfert1-23,,203753.456,186897.253,20.191
schurfert1-24,,203753.819,186898.525,20.322
schurfert1-25,,203754.306,186899.689,20.579
schurfert1-26,,203755.007,186894.527,20.643
schurfert1-27,,203755.155,186895.555,20.115
schurfert1-28,,203755.474,186896.473,20.156
schurfert1-29,,203755.881,186897.544,20.303
schurfert1-30,,203756.414,186898.826,20.546
schurfert1-31,,203758.572,186893.596,20.609
schurfert1-32,,203758.879,186894.534,20.086
schurfert1-33,,203758.842,186895.631,20.175
schurfert1-34,,203759.017,186896.698,20.199
schurfert1-35,,203759.192,186898.060,20.558
schurfert1-36,,203761.467,186892.794,20.598
schurfert1-37,,203761.733,186893.682,20.134
schurfert1-38,,203761.956,186894.572,20.136
schurfert1-39,,203762.247,186895.508,20.220
schurfert1-40,,203762.387,186896.548,20.388
schurfert1-41,,203764.661,186891.655,20.484
schurfert1-42,,203765.008,186892.563,20.079
schurfert1-43,,203765.112,186893.444,20.093
schurfert1-44,,203765.347,186894.569,20.199
schurfert1-45,,203765.339,186895.741,20.603
schurfert1-46,,203768.293,186890.541,20.423
schurfert1-47,,203768.513,186891.402,20.118
schurfert1-48,,203768.476,186892.753,20.153
schurfert1-49,,203768.563,186893.882,20.185
schurfert1-50,,203768.515,186895.191,20.523
schurfert1-51,,203771.173,186890.079,20.537
schurfert1-52,,203771.110,186891.091,20.154
schurfert1-53,,203770.935,186892.455,20.168
schurfert1-54,,203770.779,186893.950,20.269
schurfert1-55,,203770.531,186895.611,20.627
schurfert1-56,,203773.737,186890.869,20.475
schurfert1-57,,203773.372,186891.951,20.155
schurfert1-58,,203772.983,186893.149,20.187
schurfert1-59,,203772.650,186894.359,20.322
schurfert1-60,,203772.259,186895.611,20.394
schurfert1-61,,203776.530,186891.999,20.541
schurfert1-62,,203776.161,186892.975,20.171
schurfert1-63,,203775.753,186893.920,20.169
schurfert1-64,,203775.204,186895.211,20.269
schurfert1-65,,203774.484,186896.684,20.492
schurfert1-66,,203780.167,186893.867,20.537
schurfert1-67,,203779.719,186894.803,20.167
schurfert1-68,,203778.987,186896.169,20.257
schurfert1-69,,203778.195,186897.618,20.335
schurfert1-70,,203777.503,186898.618,20.506
schurfert1-71,,203783.744,186895.861,20.465
schurfert1-72,,203783.031,186896.825,20.161
schurfert1-73,,203782.336,186897.819,20.273
schurfert1-74,,203781.617,186899.009,20.296
schurfert1-75,,203780.880,186900.276,20.487
schurfert2-1,,203812.232,186934.295,20.084
schurfert2-2,,203811.140,186934.239,19.140
schurfert2-3,,203809.484,186934.268,19.336
schurfert2-4,,203807.827,186933.959,19.875
schurfert2-5,,203806.384,186933.862,20.604
schurfert2-6,,203810.677,186937.047,19.601
schurfert2-7,,203810.065,186936.707,19.265
schurfert2-8,,203808.911,186936.110,19.290
schurfert2-9,,203807.285,186935.836,19.845
schurfert2-10,,203806.293,186935.930,20.284
schurfert2-11,,203810.148,186939.774,20.255
schurfert2-12,,203809.380,186939.247,20.159
schurfert2-13,,203808.403,186938.795,20.193
schurfert2-14,,203807.128,186938.244,19.837
schurfert2-15,,203806.006,186937.833,19.954
schurfert2-16,,203808.456,186942.286,20.346
schurfert2-17,,203807.761,186941.778,20.233
schurfert2-18,,203806.896,186941.089,20.200
schurfert2-19,,203806.027,186940.351,20.186
schurfert2-20,,203805.015,186939.774,20.337
schurfert2-21,,203805.412,186944.292,20.338
schurfert2-22,,203804.830,186943.620,20.277
schurfert2-23,,203803.978,186942.844,20.294
schurfert2-24,,203803.206,186942.086,20.356
schurfert2-25,,203802.484,186941.319,20.652
schurfert2-26,,203802.796,186946.641,20.354
schurfert2-27,,203802.124,186946.034,20.282
schurfert2-28,,203801.585,186945.149,20.258
schurfert2-29,,203801.195,186944.280,20.255
schurfert2-30,,203800.357,186943.448,20.484
schurfert2-31,,203800.697,186948.569,20.291
schurfert2-32,,203799.908,186947.886,20.254
schurfert2-33,,203799.193,186947.241,20.253
schurfert2-34,,203798.273,186946.559,20.309
schurfert2-35,,203797.467,186946.028,20.346
schurfert2-36,,203799.539,186951.622,20.424
schurfert2-37,,203798.405,186951.398,20.235
schurfert2-38,,203797.254,186951.021,20.190
schurfert2-39,,203796.179,186950.682,20.237
schurfert2-40,,203795.411,186950.104,20.243
schurfert2-41,,203799.656,186956.060,20.368
schurfert2-42,,203798.555,186956.385,20.340
schurfert2-43,,203797.481,186956.729,20.263
schurfert2-44,,203796.374,186957.077,20.213
schurfert2-45,,203795.352,186957.796,20.284
schurfert2-46,,203801.373,186959.272,20.347
schurfert2-47,,203800.465,186959.907,20.322
schurfert2-48,,203799.481,186960.556,20.243
schurfert2-49,,203798.595,186961.183,20.195
schurfert2-50,,203797.609,186961.749,20.325
schurfert2-51,,203804.543,186961.333,20.388
schurfert2-52,,203803.875,186962.180,20.317
schurfert2-53,,203803.004,186963.120,20.237
schurfert2-54,,203801.945,186963.939,20.118
schurfert2-55,,203800.869,186964.879,20.231
schurfert2-56,,203807.033,186963.068,20.544
schurfert2-57,,203806.366,186964.058,20.340
schurfert2-58,,203805.352,186965.093,20.017
schurfert2-59,,203804.329,186965.928,19.464
schurfert2-60,,203803.644,186966.566,19.897
schurfert2-61,,203809.170,186965.534,19.943
schurfert2-62,,203808.202,186966.629,19.403
schurfert2-63,,203806.622,186968.029,19.198
schurfert2-64,,203805.914,186969.122,19.794
schurfert2-65,,203805.227,186970.557,20.377
schurfert2-66,,203812.874,186965.236,19.701
schurfert2-67,,203813.929,186965.884,19.824
schurfert2-68,,203814.737,186966.408,19.180
schurfert2-69,,203816.395,186967.335,19.709
schurfert2-70,,203817.734,186967.883,20.387
schurfert2-71,,203814.415,186961.501,20.565
schurfert2-72,,203815.632,186962.066,20.207
schurfert2-73,,203816.595,186962.970,18.956
schurfert2-74,,203817.841,186963.604,19.402
schurfert2-75,,203819.160,186964.691,20.398
schurfert3-1,,203843.243,186979.616,20.392
schurfert3-2,,203842.305,186979.708,20.313
schurfert3-3,,203841.088,186979.701,20.299
schurfert3-4,,203839.655,186979.690,20.379
schurfert3-5,,203838.152,186979.767,20.371
schurfert3-6,,203843.270,186982.407,20.499
schurfert3-7,,203842.269,186982.354,20.362
schurfert3-8,,203840.954,186982.371,20.339
schurfert3-9,,203839.728,186982.358,20.411
schurfert3-10,,203838.527,186982.339,20.370
schurfert3-11,,203842.652,186985.545,20.568
schurfert3-12,,203841.716,186985.381,20.455
schurfert3-13,,203840.521,186985.083,20.384
schurfert3-14,,203839.467,186984.885,20.212
schurfert3-15,,203838.629,186984.795,20.213
schurfert3-16,,203840.738,186988.502,20.513
schurfert3-17,,203839.838,186988.302,20.214
schurfert3-18,,203839.066,186987.994,19.910
schurfert3-19,,203837.993,186987.658,19.945
schurfert3-20,,203836.919,186987.574,20.276
schurfert3-21,,203841.010,186992.797,20.444
schurfert3-22,,203839.886,186993.249,20.224
schurfert3-23,,203838.257,186993.534,19.998
schurfert3-24,,203836.988,186993.736,19.791
schurfert3-25,,203835.701,186994.134,20.401
schurfert3-26,,203843.106,186996.008,20.461
schurfert3-27,,203841.923,186996.532,20.336
schurfert3-28,,203840.609,186997.406,20.278
schurfert3-29,,203838.950,186998.529,19.857
schurfert3-30,,203837.328,186999.467,20.750
schurfert3-31,,203846.326,186997.954,20.599
schurfert3-32,,203845.970,186998.887,20.575
schurfert3-33,,203845.483,186999.789,20.332
schurfert3-34,,203845.244,187001.128,20.008
schurfert3-35,,203845.168,187001.347,20.439
schurfert3-36,,203849.647,186998.829,20.335
schurfert3-37,,203849.686,187000.128,19.823
schurfert3-38,,203849.535,187001.782,19.564
schurfert3-39,,203849.212,187003.180,19.623
schurfert3-40,,203849.097,187004.256,20.142
schurfert3-41,,203853.306,186998.821,20.189
schurfert3-42,,203853.344,186999.792,19.204
schurfert3-43,,203853.245,187000.699,19.035
schurfert3-44,,203854.606,187001.965,19.006
schurfert3-45,,203855.049,187003.970,20.089
schurfert3-46,,203857.150,186998.137,19.988
schurfert3-47,,203857.435,186998.978,19.684
schurfert3-48,,203857.748,186999.721,19.478
schurfert3-49,,203857.921,187000.727,19.516
schurfert3-50,,203858.730,187001.804,20.334
schurfert3-51,,203860.334,186997.091,20.356
schurfert3-52,,203860.804,186997.716,20.402
schurfert3-53,,203861.426,186998.411,20.380
schurfert3-54,,203861.949,186999.274,20.371
schurfert3-55,,203862.601,187000.123,20.669
schurfert3-56,,203863.203,186995.211,20.471
schurfert3-57,,203863.789,186995.566,20.365
schurfert3-58,,203864.412,186996.174,20.377
schurfert3-59,,203864.955,186997.044,20.186
schurfert3-60,,203865.780,186997.823,20.498
schurfert3-61,,203865.457,186992.985,20.160
schurfert3-62,,203865.946,186993.492,20.047
schurfert3-63,,203866.746,186994.070,20.098
schurfert3-64,,203867.781,186994.751,20.186
schurfert3-65,,203868.534,186995.448,20.508
schurfert3-66,,203867.566,186989.958,20.480
schurfert3-67,,203868.150,186990.525,20.072
schurfert3-68,,203868.854,186991.504,19.882
schurfert3-69,,203869.706,186992.203,19.792
schurfert3-70,,203870.366,186993.032,20.043
schurfert3-71,,203869.510,186988.014,19.718
schurfert3-72,,203870.039,186988.784,19.575
schurfert3-73,,203870.760,186989.764,19.685
schurfert3-74,,203871.313,186990.531,19.971
schurfert3-75,,203872.011,186991.491,20.279
schurfert4-1,,203906.853,187003.486,20.463
schurfert4-2,,203906.040,187003.682,20.421
schurfert4-3,,203904.827,187004.129,20.336
schurfert4-4,,203903.760,187004.600,20.364
schurfert4-5,,203902.559,187005.036,20.377
schurfert4-6,,203907.389,187006.349,20.525
schurfert4-7,,203906.419,187006.567,20.373
schurfert4-8,,203905.257,187006.770,20.400
schurfert4-9,,203904.203,187006.951,20.420
schurfert4-10,,203903.136,187007.107,20.389
schurfert4-11,,203907.356,187009.188,20.521
schurfert4-12,,203906.532,187009.245,20.427
schurfert4-13,,203905.222,187009.285,20.439
schurfert4-14,,203904.043,187009.403,20.379
schurfert4-15,,203903.026,187009.434,20.381
schurfert4-16,,203907.112,187012.243,20.538
schurfert4-17,,203906.232,187012.203,20.502
schurfert4-18,,203905.020,187011.982,20.438
schurfert4-19,,203903.790,187011.857,20.424
schurfert4-20,,203902.672,187011.815,20.407
schurfert4-21,,203906.448,187015.726,20.551
schurfert4-22,,203905.487,187015.718,20.422
schurfert4-23,,203904.290,187015.638,20.443
schurfert4-24,,203903.076,187015.478,20.413
schurfert4-25,,203902.023,187015.440,20.389
schurfert4-26,,203906.145,187019.378,20.556
schurfert4-27,,203905.298,187019.657,20.425
schurfert4-28,,203904.253,187019.712,20.412
schurfert4-29,,203902.966,187019.667,20.422
schurfert4-30,,203901.800,187019.338,20.410
schurfert4-31,,203906.407,187022.511,20.560
schurfert4-32,,203905.538,187022.547,20.450
schurfert4-33,,203904.153,187022.519,20.419
schurfert4-34,,203902.848,187022.447,20.424
schurfert4-35,,203901.651,187022.280,20.441
schurfert4-36,,203906.042,187025.729,20.617
schurfert4-37,,203905.171,187025.644,20.515
schurfert4-38,,203903.828,187025.344,20.415
schurfert4-39,,203902.574,187025.215,20.354
schurfert4-40,,203901.458,187025.076,20.384
schurfert4-41,,203905.476,187028.707,20.589
schurfert4-42,,203904.542,187028.594,20.403
schurfert4-43,,203903.217,187028.374,20.384
schurfert4-44,,203901.990,187028.184,20.358
schurfert4-45,,203900.848,187028.047,20.592
schurfert4-46,,203904.878,187031.862,20.563
schurfert4-47,,203903.838,187031.794,20.484
schurfert4-48,,203902.728,187031.548,20.408
schurfert4-49,,203901.478,187031.398,20.376
schurfert4-50,,203900.424,187031.208,20.478
schurfert4-51,,203904.202,187035.614,20.689
schurfert4-52,,203903.348,187035.702,20.563
schurfert4-53,,203902.044,187035.618,20.402
schurfert4-54,,203900.656,187035.444,20.383
schurfert4-55,,203899.033,187035.572,20.449
schurfert4-56,,203903.949,187039.353,20.691
schurfert4-57,,203902.875,187039.543,20.508
schurfert4-58,,203901.932,187039.646,20.357
schurfert4-59,,203900.850,187039.657,20.288
schurfert4-60,,203899.788,187039.800,20.358
schurfert4-61,,203904.101,187042.706,20.665
schurfert4-62,,203903.221,187042.945,20.510
schurfert4-63,,203902.221,187043.240,20.286
schurfert4-64,,203901.027,187043.461,20.286
schurfert4-65,,203899.812,187043.529,20.393
schurfert4-66,,203904.948,187046.096,20.673
schurfert4-67,,203904.100,187046.231,20.521
schurfert4-68,,203902.949,187046.407,20.406
schurfert4-69,,203901.837,187046.570,20.343
schurfert4-70,,203900.486,187046.754,20.478
schurfert4-71,,203905.433,187049.284,20.575
schurfert4-72,,203904.590,187049.410,20.416
schurfert4-73,,203903.484,187049.418,20.304
schurfert4-74,,203902.519,187049.617,20.398
schurfert4-75,,203901.067,187049.718,20.489
schurfert5-1,,203937.275,187091.920,20.590
schurfert5-2,,203936.545,187092.579,20.485
schurfert5-3,,203935.664,187093.288,20.424
schurfert5-4,,203934.928,187093.939,20.408
schurfert5-5,,203934.268,187094.510,20.430
schurfert5-6,,203939.361,187094.720,20.688
schurfert5-7,,203938.721,187095.260,20.450
schurfert5-8,,203937.790,187095.898,20.425
schurfert5-9,,203936.897,187096.456,20.423
schurfert5-10,,203936.082,187097.332,20.390
schurfert5-11,,203941.193,187097.290,20.719
schurfert5-12,,203940.487,187097.903,20.547
schurfert5-13,,203939.568,187098.466,20.417
schurfert5-14,,203938.581,187099.136,20.363
schurfert5-15,,203937.637,187099.652,20.315
schurfert5-16,,203943.221,187100.148,20.815
schurfert5-17,,203942.552,187100.799,20.635
schurfert5-18,,203941.448,187101.429,20.378
schurfert5-19,,203940.445,187102.250,20.357
schurfert5-20,,203939.462,187103.055,20.386
schurfert5-21,,203945.973,187102.789,20.757
schurfert5-22,,203945.529,187103.586,20.525
schurfert5-23,,203944.846,187104.635,20.394
schurfert5-24,,203944.210,187105.495,20.310
schurfert5-25,,203943.250,187106.681,20.281
schurfert5-26,,203949.643,187104.588,20.770
schurfert5-27,,203949.214,187105.609,20.575
schurfert5-28,,203948.634,187106.743,20.363
schurfert5-29,,203948.305,187107.822,20.346
schurfert5-30,,203947.846,187108.852,20.402
schurfert5-31,,203952.752,187106.199,20.695
schurfert5-32,,203952.440,187107.142,20.477
schurfert5-33,,203952.185,187108.067,20.385
schurfert5-34,,203951.879,187109.353,20.293
schurfert5-35,,203951.518,187110.173,20.429
schurfert5-36,,203955.939,187107.039,20.775
schurfert5-37,,203955.733,187108.089,20.618
schurfert5-38,,203955.415,187109.327,20.183
schurfert5-39,,203955.112,187110.479,20.225
schurfert5-40,,203954.855,187111.585,20.392
schurfert5-41,,203959.591,187107.021,20.634
schurfert5-42,,203959.911,187107.973,20.511
schurfert5-43,,203960.529,187109.028,20.446
schurfert5-44,,203961.187,187110.171,20.437
schurfert5-45,,203961.864,187110.918,20.360
schurfert5-46,,203963.325,187105.004,20.513
schurfert5-47,,203964.252,187105.574,20.379
schurfert5-48,,203964.943,187106.267,20.343
schurfert5-49,,203965.822,187107.180,20.469
schurfert5-50,,203966.310,187108.158,20.507
schurfert5-51,,203966.057,187101.856,20.455
schurfert5-52,,203966.936,187102.056,20.509
schurfert5-53,,203967.830,187102.229,20.471
schurfert5-54,,203969.191,187102.581,20.554
schurfert5-55,,203970.637,187102.990,20.607
schurfert5-56,,203966.791,187097.899,20.506
schurfert5-57,,203967.618,187097.926,20.400
schurfert5-58,,203968.787,187098.149,20.498
schurfert5-59,,203970.020,187098.495,20.516
schurfert5-60,,203971.231,187098.985,20.684
schurfert5-61,,203967.668,187095.275,20.468
schurfert5-62,,203968.488,187095.371,20.360
schurfert5-63,,203969.761,187095.738,20.458
schurfert5-64,,203970.833,187096.091,20.517
schurfert5-65,,203972.021,187096.576,20.755
schurfert5-66,,203969.194,187091.970,20.364
schurfert5-67,,203970.194,187092.101,20.410
schurfert5-68,,203971.312,187092.136,20.506
schurfert5-69,,203972.409,187092.334,20.541
schurfert5-70,,203973.734,187092.579,20.839
schurfert5-71,,203969.747,187088.563,20.432
schurfert5-72,,203970.563,187088.573,20.307
schurfert5-73,,203971.701,187088.720,20.447
schurfert5-74,,203972.920,187088.784,20.515
schurfert5-75,,203974.133,187088.926,20.835
schurfert6-1,,204021.379,187056.259,20.650
schurfert6-2,,204021.906,187057.016,20.490
schurfert6-3,,204022.452,187058.019,20.486
schurfert6-4,,204023.099,187058.957,20.466
schurfert6-5,,204023.421,187059.946,20.354
schurfert6-6,,204024.251,187054.717,20.628
schurfert6-7,,204024.849,187055.600,20.517
schurfert6-8,,204025.205,187056.491,20.535
schurfert6-9,,204025.847,187057.479,20.393
schurfert6-10,,204026.587,187058.564,20.481
schurfert6-11,,204027.329,187053.052,20.618
schurfert6-12,,204027.881,187053.886,20.538
schurfert6-13,,204028.517,187054.828,20.516
schurfert6-14,,204029.155,187055.824,20.414
schurfert6-15,,204029.668,187056.656,20.407
schurfert6-16,,204030.145,187051.439,20.619
schurfert6-17,,204030.701,187052.232,20.532
schurfert6-18,,204031.315,187053.004,20.537
schurfert6-19,,204031.830,187054.161,20.453
schurfert6-20,,204032.770,187055.411,20.567
schurfert6-21,,204033.033,187050.022,20.594
schurfert6-22,,204033.581,187050.656,20.451
schurfert6-23,,204034.002,187051.556,20.523
schurfert6-24,,204034.704,187052.491,20.535
schurfert6-25,,204035.382,187053.373,20.560
schurfert6-26,,204035.833,187048.181,20.456
schurfert6-27,,204036.500,187048.826,20.395
schurfert6-28,,204036.926,187049.678,20.491
schurfert6-29,,204037.512,187050.694,20.526
schurfert6-30,,204038.292,187051.589,20.570
schurfert6-31,,204038.652,187046.325,20.561
schurfert6-32,,204039.213,187047.114,20.403
schurfert6-33,,204039.954,187048.035,20.434
schurfert6-34,,204040.568,187048.960,20.578
schurfert6-35,,204041.191,187050.035,20.653
schurfert6-36,,204041.488,187044.051,20.473
schurfert6-37,,204042.179,187044.824,20.468
schurfert6-38,,204042.874,187046.006,20.545
schurfert6-39,,204043.381,187047.096,20.603
schurfert6-40,,204044.036,187048.285,20.781
schurfert6-41,,204044.324,187042.190,20.438
schurfert6-42,,204044.910,187042.949,20.231
schurfert6-43,,204045.797,187044.057,20.445
schurfert6-44,,204046.548,187044.827,20.628
schurfert6-45,,204047.115,187045.764,20.718
schurfert6-46,,204047.139,187040.369,20.535
schurfert6-47,,204047.845,187041.194,20.311
schurfert6-48,,204048.440,187042.101,20.389
schurfert6-49,,204049.114,187043.009,20.481
schurfert6-50,,204049.534,187044.321,20.812
schurfert6-51,,204049.757,187038.731,20.337
schurfert6-52,,204050.389,187039.612,20.324
schurfert6-53,,204050.943,187040.949,20.408
schurfert6-54,,204051.444,187041.946,20.527
schurfert6-55,,204051.966,187042.879,20.820
schurfert6-56,,204052.611,187037.447,20.273
schurfert6-57,,204053.245,187038.290,20.191
schurfert6-58,,204053.415,187039.391,20.396
schurfert6-59,,204053.968,187040.294,20.383
schurfert6-60,,204054.432,187041.395,20.728
schurfert6-61,,204055.483,187035.986,20.536
schurfert6-62,,204056.121,187036.911,20.324
schurfert6-63,,204056.589,187038.193,20.373
schurfert6-64,,204056.967,187039.108,20.406
schurfert6-65,,204057.194,187040.333,20.683
schurfert6-66,,204058.275,187034.645,20.671
schurfert6-67,,204058.728,187035.760,20.482
schurfert6-68,,204058.939,187037.399,20.530
schurfert6-69,,204059.299,187038.759,20.473
schurfert6-70,,204059.134,187040.060,20.590
schurfert6-71,,204060.709,187034.560,20.792
schurfert6-72,,204060.780,187035.660,20.668
schurfert6-73,,204060.651,187037.097,20.543
schurfert6-74,,204060.770,187038.584,20.512
schurfert6-75,,204060.996,187039.945,20.600
laren1-1,,206662.888,189530.717,22.852
laren1-2,,206661.809,189530.777,22.165
laren1-3,,206660.771,189530.658,22.695
laren1-4,,206659.531,189530.657,22.955
laren1-5,,206658.167,189530.558,23.252
laren1-6,,206663.012,189533.981,22.973
laren1-7,,206661.712,189533.838,22.368
laren1-8,,206660.600,189533.539,22.662
laren1-9,,206659.254,189533.239,23.080
laren1-10,,206657.890,189532.710,23.287
laren1-11,,206662.824,189537.090,22.985
laren1-12,,206661.394,189536.909,22.704
laren1-13,,206659.800,189536.168,22.649
laren1-14,,206658.573,189534.964,23.018
laren1-15,,206657.251,189533.915,23.259
laren1-16,,206661.865,189539.723,23.009
laren1-17,,206660.013,189538.982,22.604
laren1-18,,206659.087,189537.735,22.516
laren1-19,,206657.868,189536.438,22.884
laren1-20,,206656.560,189534.800,23.199
laren1-21,,206660.048,189541.708,23.246
laren1-22,,206659.068,189540.579,22.838
laren1-23,,206657.512,189538.923,22.701
laren1-24,,206656.419,189537.410,22.839
laren1-25,,206655.332,189535.701,23.158
laren1-26,,206657.484,189542.511,23.216
laren1-27,,206656.577,189540.976,22.613
laren1-28,,206655.744,189539.657,22.784
laren1-29,,206654.858,189538.108,22.791
laren1-30,,206653.972,189536.508,22.987
laren1-31,,206655.487,189544.641,23.284
laren1-32,,206654.572,189542.553,22.996
laren1-33,,206653.885,189540.661,22.685
laren1-34,,206653.299,189538.489,22.841
laren1-35,,206653.051,189536.616,22.998
laren1-36,,206652.676,189544.888,23.403
laren1-37,,206652.269,189542.885,22.873
laren1-38,,206652.034,189540.709,22.641
laren1-39,,206651.797,189538.421,22.898
laren1-40,,206652.140,189536.663,22.911
laren1-41,,206649.297,189543.677,23.063
laren1-42,,206649.038,189541.871,22.792
laren1-43,,206649.211,189539.489,22.795
laren1-44,,206649.399,189537.618,22.820
laren1-45,,206649.813,189535.592,23.322
laren1-46,,206646.581,189544.097,23.373
laren1-47,,206647.060,189541.473,22.857
laren1-48,,206647.091,189538.610,22.887
laren1-49,,206647.590,189536.911,22.909
laren1-50,,206648.161,189535.026,23.367
laren1-51,,206643.928,189542.969,23.329
laren1-52,,206645.139,189540.117,22.922
laren1-53,,206645.438,189537.594,22.864
laren1-54,,206645.655,189536.208,22.698
laren1-55,,206646.108,189534.702,23.252
laren1-56,,206641.788,189537.704,23.078
laren1-57,,206642.022,189536.434,22.847
laren1-58,,206642.303,189535.297,22.670
laren1-59,,206642.602,189534.430,22.793
laren1-60,,206643.011,189533.343,23.245
laren1-61,,206637.958,189536.518,23.349
laren1-62,,206638.245,189535.220,22.888
laren1-63,,206638.535,189533.934,22.753
laren1-64,,206638.862,189532.447,22.554
laren1-65,,206638.940,189531.345,23.092
laren1-66,,206634.476,189534.766,23.098
laren1-67,,206634.394,189533.663,22.821
laren1-68,,206634.554,189532.579,22.865
laren1-69,,206634.924,189531.386,22.669
laren1-70,,206635.215,189530.289,22.955
laren1-71,,206631.180,189534.557,23.267
laren1-72,,206631.235,189533.194,22.961
laren1-73,,206631.285,189531.976,22.895
laren1-74,,206631.499,189530.613,22.778
laren1-75,,206631.885,189529.191,23.117
laren2-1,,206615.917,189569.987,23.215
laren2-2,,206614.958,189570.457,22.954
laren2-3,,206613.954,189570.902,22.549
laren2-4,,206612.867,189571.097,22.711
laren2-5,,206611.369,189571.183,23.030
laren2-6,,206616.917,189572.772,23.248
laren2-7,,206615.730,189573.203,22.923
laren2-8,,206614.622,189573.297,22.609
laren2-9,,206613.202,189573.260,22.812
laren2-10,,206611.526,189572.951,23.074
laren2-11,,206617.364,189574.918,23.122
laren2-12,,206615.741,189575.062,22.730
laren2-13,,206614.248,189575.012,22.813
laren2-14,,206612.750,189574.873,22.996
laren2-15,,206611.352,189574.216,23.057
laren2-16,,206616.970,189577.492,22.967
laren2-17,,206615.401,189577.191,22.823
laren2-18,,206614.389,189576.863,22.862
laren2-19,,206612.745,189576.168,22.909
laren2-20,,206610.829,189575.389,23.121
laren2-21,,206615.740,189579.890,23.013
laren2-22,,206614.469,189579.501,22.844
laren2-23,,206612.904,189578.760,22.947
laren2-24,,206611.538,189578.073,22.972
laren2-25,,206610.231,189577.053,23.123
laren2-26,,206614.157,189582.690,23.096
laren2-27,,206612.952,189581.714,22.861
laren2-28,,206611.759,189580.781,22.952
laren2-29,,206610.541,189579.672,22.994
laren2-30,,206609.383,189578.750,23.146
laren2-31,,206612.204,189584.673,23.053
laren2-32,,206611.096,189583.699,22.942
laren2-33,,206610.052,189582.473,22.955
laren2-34,,206609.005,189581.347,22.973
laren2-35,,206607.853,189580.283,23.233
laren2-36,,206609.360,189586.391,22.901
laren2-37,,206608.348,189585.624,22.894
laren2-38,,206607.230,189584.575,22.900
laren2-39,,206606.238,189583.526,22.982
laren2-40,,206605.323,189582.798,22.987
laren2-41,,206607.006,189588.668,23.064
laren2-42,,206606.023,189587.916,22.855
laren2-43,,206604.917,189586.881,22.866
laren2-44,,206603.712,189585.656,22.870
laren2-45,,206602.830,189584.651,23.114
laren2-46,,206604.662,189591.064,23.196
laren2-47,,206603.795,189590.341,22.922
laren2-48,,206602.916,189589.277,22.805
laren2-49,,206601.975,189588.269,22.806
laren2-50,,206601.048,189587.373,23.141
laren2-51,,206602.210,189592.228,23.198
laren2-52,,206601.407,189591.469,22.964
laren2-53,,206600.816,189590.408,22.779
laren2-54,,206600.151,189589.390,22.753
laren2-55,,206599.461,189588.515,23.270
laren2-56,,206599.714,189593.799,23.276
laren2-57,,206598.969,189592.968,23.122
laren2-58,,206598.241,189591.673,22.879
laren2-59,,206597.551,189590.550,22.645
laren2-60,,206596.924,189589.553,23.215
laren2-61,,206596.813,189595.609,23.197
laren2-62,,206595.995,189594.868,23.091
laren2-63,,206595.145,189593.570,22.933
laren2-64,,206594.145,189592.136,22.668
laren2-65,,206593.510,189590.832,23.133
laren2-66,,206594.096,189598.358,23.135
laren2-67,,206593.283,189597.736,23.127
laren2-68,,206591.926,189596.686,22.967
laren2-69,,206590.552,189595.582,22.803
laren2-70,,206589.354,189594.769,23.131
laren2-71,,206591.923,189601.772,23.169
laren2-72,,206590.918,189601.275,23.100
laren2-73,,206589.452,189600.485,23.005
laren2-74,,206588.021,189599.633,22.699
laren2-75,,206586.734,189598.989,22.991
laren3-1,,206585.104,189649.952,23.002
laren3-2,,206584.130,189649.023,23.012
laren3-3,,206583.099,189648.002,23.032
laren3-4,,206581.853,189646.785,22.835
laren3-5,,206581.030,189645.970,23.236
laren3-6,,206582.781,189651.780,23.276
laren3-7,,206581.987,189650.688,23.081
laren3-8,,206581.036,189649.387,23.009
laren3-9,,206580.096,189648.177,22.794
laren3-10,,206579.302,189647.078,23.160
laren3-11,,206579.478,189652.500,23.226
laren3-12,,206579.478,189652.483,23.219
laren3-13,,206578.959,189651.372,22.967
laren3-14,,206578.290,189649.540,22.538
laren3-15,,206577.974,189648.548,22.692
laren3-16,,206576.815,189653.085,23.129
laren3-17,,206576.354,189652.236,22.888
laren3-18,,206576.084,189651.161,22.448
laren3-19,,206575.886,189650.202,22.214
laren3-20,,206575.636,189649.654,22.663
laren3-21,,206573.587,189654.515,23.211
laren3-22,,206573.010,189653.382,22.919
laren3-23,,206572.433,189652.051,22.433
laren3-24,,206571.953,189651.166,22.318
laren3-25,,206571.528,189650.329,22.608
laren3-26,,206570.689,189661.166,23.069
laren3-27,,206569.784,189661.328,23.028
laren3-28,,206568.795,189661.319,22.987
laren3-29,,206567.741,189661.307,22.910
laren3-30,,206566.540,189661.131,22.757
laren3-31,,206570.656,189665.642,23.116
laren3-32,,206569.704,189665.878,22.966
laren3-33,,206568.545,189665.918,22.958
laren3-34,,206567.401,189665.862,22.914
laren3-35,,206566.275,189665.628,22.882
laren3-36,,206571.082,189669.252,23.025
laren3-37,,206569.978,189669.615,22.949
laren3-38,,206568.781,189670.001,22.935
laren3-39,,206567.575,189670.284,22.993
laren3-40,,206566.299,189670.922,23.051
laren3-41,,206572.229,189673.394,22.944
laren3-42,,206571.375,189673.951,22.881
laren3-43,,206570.457,189674.337,22.972
laren3-44,,206568.824,189674.981,22.960
laren3-45,,206567.219,189675.507,23.147
laren3-46,,206574.136,189676.549,22.986
laren3-47,,206573.310,189677.204,22.962
laren3-48,,206572.068,189677.750,22.978
laren3-49,,206570.797,189678.125,23.006
laren3-50,,206569.516,189678.671,23.125
laren3-51,,206575.861,189678.815,23.184
laren3-52,,206574.926,189679.570,22.908
laren3-53,,206573.629,189680.355,23.011
laren3-54,,206572.493,189680.909,23.005
laren3-55,,206571.052,189681.341,23.104
laren3-56,,206577.116,189681.872,22.967
laren3-57,,206576.140,189682.506,23.031
laren3-58,,206574.904,189683.151,22.991
laren3-59,,206573.530,189683.698,23.018
laren3-60,,206572.356,189684.033,23.076
laren3-61,,206578.718,189684.933,23.115
laren3-62,,206577.566,189685.355,23.005
laren3-63,,206576.256,189685.611,22.971
laren3-64,,206574.833,189686.138,23.033
laren3-65,,206573.255,189686.612,23.103
laren3-66,,206579.239,189687.557,23.165
laren3-67,,206578.119,189687.921,23.045
laren3-68,,206576.777,189688.158,23.037
laren3-69,,206575.147,189688.584,22.941
laren3-70,,206574.070,189688.946,22.991
laren3-71,,206579.829,189690.460,23.222
laren3-72,,206578.600,189690.564,23.100
laren3-73,,206576.942,189690.835,23.025
laren3-74,,206575.565,189691.080,22.864
laren3-75,,206574.380,189691.361,23.109
raf-1,,186063.790,215607.028,17.169
raf-2,,186059.293,215599.184,17.136
raf-3,,186058.209,215599.812,17.227
raf-4,,186054.896,215594.137,17.072
raf-5,,186054.652,215592.195,17.525
raf-6,,186074.807,215607.068,17.029
raf-7,,186068.828,215589.688,16.985
raf-8,,186068.174,215586.966,16.902
laren4-1,,206602.985,189738.260,23.114
laren4-2,,206602.309,189739.157,22.188
laren4-3,,206601.725,189740.332,22.383
laren4-4,,206600.815,189741.310,22.827
laren4-5,,206599.895,189742.555,23.304
laren4-6,,206605.673,189739.961,23.188
laren4-7,,206604.645,189740.728,22.520
laren4-8,,206603.548,189741.825,22.403
laren4-9,,206602.342,189742.501,22.905
laren4-10,,206601.199,189743.334,23.248
laren4-11,,206607.527,189742.118,22.954
laren4-12,,206606.145,189742.969,22.423
laren4-13,,206605.216,189743.207,22.153
laren4-14,,206603.427,189743.759,22.895
laren4-15,,206601.713,189744.262,23.080
laren4-16,,206607.722,189744.970,22.451
laren4-17,,206606.565,189745.266,22.461
laren4-18,,206605.001,189745.271,22.894
laren4-19,,206603.393,189745.474,23.063
laren4-20,,206601.951,189745.472,23.034
laren4-21,,206608.167,189747.290,22.489
laren4-22,,206606.863,189747.232,22.506
laren4-23,,206605.075,189746.909,22.976
laren4-24,,206603.772,189746.558,23.071
laren4-25,,206601.812,189745.953,23.068
laren4-26,,206607.791,189749.940,23.247
laren4-27,,206606.363,189749.327,22.783
laren4-28,,206604.436,189748.064,23.027
laren4-29,,206603.095,189747.155,23.067
laren4-30,,206601.604,189746.246,23.157
laren4-31,,206606.178,189752.313,23.333
laren4-32,,206604.822,189751.165,22.946
laren4-33,,206603.617,189750.196,22.954
laren4-34,,206602.257,189748.753,23.064
laren4-35,,206600.817,189747.337,23.340
laren4-36,,206603.962,189753.542,23.375
laren4-37,,206602.633,189751.884,23.018
laren4-38,,206601.604,189750.602,22.998
laren4-39,,206600.794,189749.563,23.058
laren4-40,,206599.752,189748.296,23.374
laren4-41,,206601.775,189754.634,23.166
laren4-42,,206600.864,189753.327,22.965
laren4-43,,206599.825,189751.888,23.033
laren4-44,,206598.974,189750.949,23.057
laren4-45,,206598.180,189749.901,23.328
laren4-46,,206598.768,189756.070,23.071
laren4-47,,206598.125,189755.333,23.048
laren4-48,,206597.142,189754.412,22.973
laren4-49,,206596.357,189753.440,22.922
laren4-50,,206595.334,189752.325,23.181
laren4-51,,206595.691,189758.139,23.048
laren4-52,,206595.070,189757.498,22.990
laren4-53,,206594.348,189756.624,23.014
laren4-54,,206593.711,189755.795,22.957
laren4-55,,206592.858,189754.829,23.025
laren4-56,,206593.086,189760.855,23.078
laren4-57,,206592.280,189759.988,23.009
laren4-58,,206591.596,189758.980,23.081
laren4-59,,206590.756,189758.011,23.054
laren4-60,,206590.130,189756.964,23.266
laren4-61,,206590.559,189762.148,23.141
laren4-62,,206589.940,189761.385,23.013
laren4-63,,206589.310,189760.481,22.992
laren4-64,,206588.544,189759.554,23.030
laren4-65,,206588.139,189758.774,23.394
laren4-66,,206587.839,189764.184,23.069
laren4-67,,206587.184,189763.641,22.895
laren4-68,,206586.621,189762.813,22.756
laren4-69,,206585.995,189761.989,22.819
laren4-70,,206585.333,189761.309,23.336
laren4-71,,206585.595,189765.980,23.224
laren4-72,,206584.981,189765.344,23.024
laren4-73,,206584.425,189764.334,22.803
laren4-74,,206583.912,189763.565,22.749
laren4-75,,206583.412,189762.604,23.355
laren5-1,,206586.287,189818.343,23.174
laren5-2,,206585.815,189819.307,22.890
laren5-3,,206585.134,189820.279,22.958
laren5-4,,206584.527,189821.235,23.128
laren5-5,,206583.715,189822.112,23.178
laren5-6,,206588.764,189820.082,23.101
laren5-7,,206588.519,189820.897,22.837
laren5-8,,206587.795,189821.891,22.916
laren5-9,,206587.116,189822.945,22.906
laren5-10,,206586.447,189823.770,23.168
laren5-11,,206591.922,189821.455,23.208
laren5-12,,206591.589,189822.348,22.944
laren5-13,,206591.112,189823.353,22.855
laren5-14,,206590.383,189824.232,22.901
laren5-15,,206589.361,189825.589,23.129
laren5-16,,206594.760,189823.074,23.115
laren5-17,,206594.318,189823.891,22.922
laren5-18,,206593.669,189824.748,22.860
laren5-19,,206593.054,189825.690,22.998
laren5-20,,206592.222,189827.012,23.254
laren5-21,,206598.025,189824.869,23.142
laren5-22,,206597.489,189825.890,22.994
laren5-23,,206596.645,189826.854,22.979
laren5-24,,206596.298,189827.681,23.068
laren5-25,,206595.433,189828.751,23.259
laren5-26,,206601.097,189826.378,23.280
laren5-27,,206600.571,189827.262,23.066
laren5-28,,206600.077,189828.332,23.099
laren5-29,,206599.492,189829.418,23.109
laren5-30,,206598.673,189830.500,23.238
laren5-31,,206603.693,189828.032,23.228
laren5-32,,206603.316,189829.186,23.121
laren5-33,,206602.854,189830.159,23.158
laren5-34,,206602.102,189831.214,23.205
laren5-35,,206601.410,189832.132,23.232
laren5-36,,206606.503,189829.875,23.146
laren5-37,,206606.039,189830.699,23.133
laren5-38,,206605.219,189831.845,22.801
laren5-39,,206604.588,189832.736,23.147
laren5-40,,206604.152,189833.465,23.103
laren5-41,,206609.095,189831.702,23.072
laren5-42,,206608.611,189832.656,22.994
laren5-43,,206608.081,189833.232,23.117
laren5-44,,206607.552,189834.075,23.001
laren5-45,,206606.895,189834.850,23.087
laren5-46,,206611.870,189833.491,23.185
laren5-47,,206611.214,189834.519,23.094
laren5-48,,206610.562,189835.472,23.119
laren5-49,,206609.742,189836.622,23.169
laren5-50,,206609.211,189837.394,23.201
laren5-51,,206614.437,189835.388,23.178
laren5-52,,206613.884,189836.299,23.069
laren5-53,,206613.214,189837.317,23.130
laren5-54,,206612.400,189838.445,23.115
laren5-55,,206611.519,189839.492,23.298
laren5-56,,206617.302,189837.623,23.249
laren5-57,,206616.603,189838.792,23.149
laren5-58,,206615.850,189840.000,23.126
laren5-59,,206614.904,189841.109,23.101
laren5-60,,206614.057,189842.179,23.193
laren5-61,,206619.737,189839.818,23.026
laren5-62,,206619.157,189840.822,23.031
laren5-63,,206618.399,189841.747,23.134
laren5-64,,206617.397,189842.865,23.174
laren5-65,,206616.494,189844.208,23.274
laren5-66,,206622.420,189841.627,23.262
laren5-67,,206621.812,189842.618,23.086
laren5-68,,206621.086,189843.586,23.060
laren5-69,,206620.227,189844.567,23.134
laren5-70,,206619.478,189845.998,23.267
laren5-71,,206624.602,189843.379,23.253
laren5-72,,206624.047,189844.367,23.078
laren5-73,,206623.142,189845.154,23.016
laren5-74,,206622.264,189846.104,23.059
laren5-75,,206621.304,189847.290,23.390
laren6-1,,206665.632,189890.039,23.338
laren6-2,,206665.256,189890.986,23.094
laren6-3,,206664.881,189892.177,23.145
laren6-4,,206664.390,189893.155,23.225
laren6-5,,206663.864,189894.134,23.156
laren6-6,,206669.014,189891.103,23.323
laren6-7,,206668.788,189892.168,23.179
laren6-8,,206668.235,189893.448,23.165
laren6-9,,206667.752,189894.815,23.207
laren6-10,,206667.128,189896.104,23.076
laren6-11,,206672.048,189892.152,23.294
laren6-12,,206671.703,189893.315,23.151
laren6-13,,206671.364,189894.494,23.155
laren6-14,,206671.081,189895.730,23.242
laren6-15,,206670.710,189896.824,23.151
laren6-16,,206675.233,189893.539,23.406
laren6-17,,206674.938,189894.398,23.282
laren6-18,,206674.303,189895.597,23.157
laren6-19,,206673.841,189896.624,23.181
laren6-20,,206673.267,189897.621,23.219
laren6-21,,206677.884,189894.789,23.543
laren6-22,,206677.579,189895.836,23.311
laren6-23,,206677.123,189896.727,23.181
laren6-24,,206676.610,189897.820,22.778
laren6-25,,206676.276,189898.641,22.844
laren6-26,,206681.430,189896.250,23.574
laren6-27,,206681.111,189897.193,23.333
laren6-28,,206680.626,189898.146,23.103
laren6-29,,206679.821,189899.091,22.827
laren6-30,,206679.482,189900.121,22.891
laren6-31,,206685.236,189896.874,23.491
laren6-32,,206685.096,189898.019,23.389
laren6-33,,206684.659,189899.253,23.029
laren6-34,,206684.147,189900.593,22.668
laren6-35,,206684.158,189901.438,22.862
laren6-36,,206688.986,189897.253,23.265
laren6-37,,206689.156,189898.320,23.118
laren6-38,,206689.388,189899.294,22.968
laren6-39,,206689.677,189900.463,23.015
laren6-40,,206690.137,189901.594,23.197
laren6-41,,206693.542,189895.492,23.196
laren6-42,,206694.108,189896.034,22.995
laren6-43,,206694.419,189896.999,23.034
laren6-44,,206694.950,189898.178,23.065
laren6-45,,206695.560,189899.342,23.335
laren6-46,,206696.047,189893.861,23.085
laren6-47,,206696.638,189894.332,23.044
laren6-48,,206697.196,189895.464,22.993
laren6-49,,206697.655,189896.193,23.047
laren6-50,,206698.477,189897.256,23.295
laren6-51,,206699.032,189891.725,23.211
laren6-52,,206699.695,189892.279,22.981
laren6-53,,206700.296,189893.228,22.978
laren6-54,,206700.994,189894.140,23.123
laren6-55,,206701.708,189895.046,23.408
laren6-56,,206702.200,189889.390,23.126
laren6-57,,206702.887,189889.795,22.985
laren6-58,,206703.641,189890.648,22.849
laren6-59,,206704.201,189891.432,22.955
laren6-60,,206704.926,189892.102,23.436
laren6-61,,206704.329,189887.088,23.069
laren6-62,,206705.031,189887.547,22.909
laren6-63,,206705.798,189888.116,22.895
laren6-64,,206706.593,189888.744,23.010
laren6-65,,206707.530,189889.313,23.423
laren6-66,,206706.152,189883.678,23.110
laren6-67,,206707.006,189883.886,23.037
laren6-68,,206707.807,189884.659,22.903
laren6-69,,206708.407,189885.167,22.989
laren6-70,,206709.133,189885.678,23.445
laren6-71,,206707.710,189880.392,23.187
laren6-72,,206708.479,189880.800,22.879
laren6-73,,206709.111,189881.404,22.908
laren6-74,,206709.943,189882.028,23.030
laren6-75,,206710.665,189882.600,23.463
controle1-1,,205591.956,188257.408,21.720
controle1-2,,205591.501,188258.442,21.485
controle1-3,,205591.022,188259.125,21.390
controle1-4,,205590.449,188259.973,21.351
controle1-5,,205590.175,188261.096,21.380
controle1-6,,205594.727,188259.194,21.734
controle1-7,,205594.069,188259.950,21.503
controle1-8,,205593.417,188260.917,21.447
controle1-9,,205592.841,188261.627,21.464
controle1-10,,205592.073,188262.381,21.662
controle1-11,,205597.511,188261.775,21.540
controle1-12,,205597.058,188262.507,21.546
controle1-13,,205596.442,188263.291,21.577
controle1-14,,205595.741,188263.827,21.467
controle1-15,,205595.410,188264.600,21.473
controle1-16,,205600.346,188263.385,21.617
controle1-17,,205599.822,188264.237,21.500
controle1-18,,205599.334,188264.992,21.562
controle1-19,,205598.767,188265.611,21.501
controle1-20,,205598.086,188266.575,21.604
controle1-21,,205602.846,188265.196,21.604
controle1-22,,205602.471,188265.897,21.604
controle1-23,,205602.049,188266.686,21.579
controle1-24,,205601.516,188267.445,21.586
controle1-25,,205601.002,188268.144,21.599
controle1-26,,205605.520,188266.953,21.530
controle1-27,,205605.100,188267.776,21.531
controle1-28,,205604.490,188268.493,21.607
controle1-29,,205603.950,188269.084,21.536
controle1-30,,205603.355,188269.803,21.577
controle1-31,,205608.372,188268.706,21.567
controle1-32,,205607.976,188269.579,21.528
controle1-33,,205607.444,188270.247,21.682
controle1-34,,205606.937,188270.892,21.550
controle1-35,,205606.436,188272.013,21.778
controle1-36,,205611.107,188270.192,21.762
controle1-37,,205610.656,188271.107,21.642
controle1-38,,205609.906,188272.019,21.614
controle1-39,,205609.338,188272.742,21.536
controle1-40,,205608.640,188273.758,21.688
controle1-41,,205614.450,188272.666,21.565
controle1-42,,205614.016,188273.691,21.608
controle1-43,,205613.511,188274.398,21.510
controle1-44,,205612.943,188275.318,21.515
controle1-45,,205612.474,188276.198,21.691
controle1-46,,205617.199,188274.563,21.584
controle1-47,,205616.756,188275.601,21.638
controle1-48,,205616.100,188276.396,21.550
controle1-49,,205615.483,188277.174,21.624
controle1-50,,205614.933,188277.862,21.655
controle1-51,,205619.822,188276.287,21.478
controle1-52,,205619.391,188277.189,21.538
controle1-53,,205618.951,188277.820,21.561
controle1-54,,205618.414,188278.576,21.622
controle1-55,,205618.184,188279.225,21.555
controle1-56,,205622.710,188278.033,21.474
controle1-57,,205622.097,188278.736,21.485
controle1-58,,205621.448,188279.806,21.490
controle1-59,,205620.847,188280.773,21.346
controle1-60,,205620.380,188280.994,21.627
controle1-61,,205625.580,188279.877,21.498
controle1-62,,205625.201,188280.800,21.458
controle1-63,,205624.515,188281.699,21.592
controle1-64,,205623.880,188282.723,21.597
controle1-65,,205623.605,188283.536,21.707
controle1-66,,205628.307,188281.407,21.621
controle1-67,,205627.910,188282.303,21.558
controle1-68,,205627.393,188283.037,21.587
controle1-69,,205626.906,188283.810,21.597
controle1-70,,205626.290,188284.649,21.565
controle1-71,,205631.054,188283.230,21.540
controle1-72,,205630.673,188284.013,21.378
controle1-73,,205630.010,188284.798,21.460
controle1-74,,205629.443,188285.643,21.420
controle1-75,,205629.293,188285.654,21.913
controle2-1,,205676.547,188309.919,21.624
controle2-2,,205676.168,188310.832,21.632
controle2-3,,205675.716,188311.530,21.647
controle2-4,,205675.217,188312.323,21.596
controle2-5,,205674.672,188313.205,21.619
controle2-6,,205679.685,188311.528,21.639
controle2-7,,205679.317,188312.479,21.577
controle2-8,,205678.876,188313.305,21.579
controle2-9,,205678.435,188313.953,21.475
controle2-10,,205678.227,188314.869,21.480
controle2-11,,205682.458,188313.181,21.548
controle2-12,,205682.120,188314.197,21.562
controle2-13,,205681.735,188314.977,21.622
controle2-14,,205681.282,188315.648,21.504
controle2-15,,205680.746,188316.123,21.479
controle2-16,,205685.340,188314.708,21.526
controle2-17,,205685.107,188315.579,21.632
controle2-18,,205684.597,188316.347,21.661
controle2-19,,205684.092,188317.075,21.613
controle2-20,,205683.412,188317.877,21.485
controle2-21,,205688.462,188315.951,21.637
controle2-22,,205687.894,188316.876,21.604
controle2-23,,205687.499,188317.629,21.620
controle2-24,,205687.046,188318.418,21.633
controle2-25,,205686.565,188319.120,21.528
controle2-26,,205691.113,188317.678,21.610
controle2-27,,205690.754,188318.568,21.559
controle2-28,,205690.184,188319.334,21.639
controle2-29,,205689.625,188320.055,21.626
controle2-30,,205689.314,188320.619,21.561
controle2-31,,205694.305,188319.414,21.466
controle2-32,,205693.830,188320.312,21.650
controle2-33,,205693.528,188320.876,21.648
controle2-34,,205693.058,188321.654,21.653
controle2-35,,205692.661,188322.648,21.606
controle2-36,,205697.017,188320.797,21.469
controle2-37,,205696.737,188321.828,21.678
controle2-38,,205696.525,188322.315,21.746
controle2-39,,205696.191,188323.152,21.773
controle2-40,,205695.384,188323.907,21.624
controle2-41,,205700.790,188322.419,21.609
controle2-42,,205700.459,188323.641,21.673
controle2-43,,205699.829,188324.386,21.758
controle2-44,,205699.266,188324.994,21.566
controle2-45,,205699.248,188325.791,21.604
controle2-46,,205703.534,188323.771,21.560
controle2-47,,205703.169,188324.783,21.684
controle2-48,,205702.833,188325.530,21.638
controle2-49,,205702.227,188326.378,21.524
controle2-50,,205701.776,188327.274,21.687
controle2-51,,205706.196,188325.117,21.654
controle2-52,,205705.823,188326.140,21.616
controle2-53,,205705.491,188326.714,21.651
controle2-54,,205704.955,188327.528,21.505
controle2-55,,205704.397,188328.472,21.679
controle2-56,,205709.593,188326.863,21.575
controle2-57,,205709.203,188327.596,21.607
controle2-58,,205708.686,188328.437,21.563
controle2-59,,205708.057,188329.317,21.569
controle2-60,,205707.421,188330.173,21.758
controle2-61,,205712.262,188328.039,21.723
controle2-62,,205712.009,188329.090,21.631
controle2-63,,205711.596,188329.798,21.511
controle2-64,,205711.059,188330.611,21.514
controle2-65,,205710.495,188331.447,21.763
controle2-66,,205714.815,188329.575,21.649
controle2-67,,205714.580,188330.413,21.673
controle2-68,,205714.126,188331.264,21.644
controle2-69,,205713.676,188331.969,21.487
controle2-70,,205713.272,188332.853,21.631
controle2-71,,205718.055,188331.153,21.622
controle2-72,,205717.611,188332.077,21.747
controle2-73,,205717.101,188332.777,21.763
controle2-74,,205716.709,188333.502,21.664
controle2-75,,205716.089,188334.391,21.743
controle3-1,,205782.669,188360.112,21.753
controle3-2,,205782.336,188360.980,21.565
controle3-3,,205782.113,188361.661,21.533
controle3-4,,205781.802,188362.565,21.667
controle3-5,,205781.236,188363.806,21.902
controle3-6,,205785.378,188360.973,22.171
controle3-7,,205784.968,188361.693,21.631
controle3-8,,205784.541,188362.750,21.642
controle3-9,,205783.955,188363.651,21.671
controle3-10,,205783.436,188364.534,21.881
controle3-11,,205788.353,188362.948,21.837
controle3-12,,205788.224,188363.426,21.645
controle3-13,,205787.844,188364.246,21.551
controle3-14,,205787.421,188364.858,21.504
controle3-15,,205787.057,188365.731,21.659
controle3-16,,205791.509,188364.088,21.895
controle3-17,,205791.247,188364.811,21.658
controle3-18,,205790.765,188365.473,21.652
controle3-19,,205790.199,188366.098,21.560
controle3-20,,205789.817,188366.831,21.660
controle3-21,,205794.164,188365.440,21.895
controle3-22,,205793.779,188366.217,21.714
controle3-23,,205793.418,188366.808,21.649
controle3-24,,205793.022,188367.432,21.671
controle3-25,,205792.443,188368.321,21.723
controle3-26,,205796.975,188367.253,21.902
controle3-27,,205796.495,188367.835,21.648
controle3-28,,205796.148,188368.582,21.694
controle3-29,,205795.758,188369.178,21.682
controle3-30,,205795.102,188370.338,21.723
controle3-31,,205799.999,188369.029,22.023
controle3-32,,205799.403,188369.701,21.726
controle3-33,,205798.986,188370.417,21.645
controle3-34,,205798.491,188371.130,21.574
controle3-35,,205797.932,188371.838,21.663
controle3-36,,205802.924,188370.592,21.905
controle3-37,,205802.337,188371.688,21.705
controle3-38,,205801.918,188372.353,21.716
controle3-39,,205801.408,188373.196,21.600
controle3-40,,205800.832,188373.898,21.689
controle3-41,,205806.025,188372.707,21.899
controle3-42,,205805.531,188373.564,21.728
controle3-43,,205805.032,188374.351,21.640
controle3-44,,205804.553,188374.908,21.677
controle3-45,,205803.951,188375.789,21.711
controle3-46,,205808.411,188373.972,21.878
controle3-47,,205807.830,188375.091,21.692
controle3-48,,205807.260,188375.908,21.623
controle3-49,,205806.749,188376.524,21.727
controle3-50,,205806.040,188377.351,21.793
controle3-51,,205811.427,188375.668,22.026
controle3-52,,205810.895,188376.550,21.798
controle3-53,,205810.329,188377.440,21.779
controle3-54,,205809.713,188378.358,21.615
controle3-55,,205809.169,188379.591,21.828
controle3-56,,205813.870,188377.803,21.900
controle3-57,,205813.432,188378.694,21.669
controle3-58,,205812.960,188379.506,21.627
controle3-59,,205812.464,188380.293,21.633
controle3-60,,205811.860,188381.025,21.653
controle3-61,,205816.536,188379.974,21.742
controle3-62,,205816.276,188380.655,21.681
controle3-63,,205815.726,188381.545,21.569
controle3-64,,205815.182,188382.142,21.640
controle3-65,,205814.857,188382.712,21.716
controle3-66,,205819.614,188381.491,21.884
controle3-67,,205819.154,188382.408,21.713
controle3-68,,205818.569,188383.113,21.683
controle3-69,,205818.067,188383.841,21.699
controle3-70,,205817.417,188384.827,21.799
controle3-71,,205822.613,188383.471,21.868
controle3-72,,205822.217,188384.358,21.788
controle3-73,,205821.680,188385.028,21.703
controle3-74,,205821.120,188385.779,21.696
controle3-75,,205820.572,188386.680,21.669
controle4-1,,205866.231,188413.162,21.855
controle4-2,,205865.769,188413.881,21.778
controle4-3,,205865.183,188414.837,21.676
controle4-4,,205864.524,188415.546,21.622
controle4-5,,205863.810,188416.219,21.903
controle4-6,,205868.833,188414.334,21.961
controle4-7,,205868.346,188415.315,21.840
controle4-8,,205867.885,188416.049,21.720
controle4-9,,205867.293,188416.818,21.638
controle4-10,,205866.568,188417.648,21.687
controle4-11,,205871.646,188416.081,22.037
controle4-12,,205871.164,188416.894,21.858
controle4-13,,205870.731,188417.508,21.765
controle4-14,,205870.086,188418.337,21.638
controle4-15,,205869.376,188419.417,21.984
controle4-16,,205874.081,188417.924,21.881
controle4-17,,205873.568,188418.539,21.795
controle4-18,,205873.053,188419.386,21.753
controle4-19,,205872.519,188420.200,21.676
controle4-20,,205872.156,188421.032,21.761
controle4-21,,205876.941,188419.977,21.845
controle4-22,,205876.626,188420.659,21.684
controle4-23,,205876.228,188421.170,21.651
controle4-24,,205875.615,188421.963,21.769
controle4-25,,205875.130,188422.742,21.860
controle4-26,,205880.152,188421.423,22.016
controle4-27,,205879.772,188422.218,21.790
controle4-28,,205879.182,188422.906,21.641
controle4-29,,205878.543,188423.661,21.652
controle4-30,,205877.999,188424.343,21.719
controle4-31,,205882.939,188423.158,21.892
controle4-32,,205882.627,188424.103,21.761
controle4-33,,205881.979,188424.608,21.580
controle4-34,,205881.202,188425.308,21.660
controle4-35,,205880.560,188426.291,21.903
controle4-36,,205885.635,188425.050,21.866
controle4-37,,205885.181,188425.992,21.796
controle4-38,,205884.761,188426.479,21.671
controle4-39,,205884.160,188427.213,21.659
controle4-40,,205883.518,188428.129,21.923
controle4-41,,205888.259,188427.024,21.907
controle4-42,,205887.878,188427.860,21.753
controle4-43,,205887.300,188428.110,21.729
controle4-44,,205886.751,188428.837,21.684
controle4-45,,205886.144,188429.380,21.653
controle4-46,,205891.304,188428.634,22.035
controle4-47,,205890.907,188429.431,21.808
controle4-48,,205890.116,188430.288,21.712
controle4-49,,205889.611,188431.015,21.639
controle4-50,,205889.165,188431.872,21.680
controle4-51,,205893.747,188430.334,21.901
controle4-52,,205893.060,188431.282,21.838
controle4-53,,205892.351,188432.264,21.701
controle4-54,,205891.622,188433.179,21.598
controle4-55,,205891.080,188433.779,22.087
controle4-56,,205897.292,188432.644,21.928
controle4-57,,205896.834,188433.653,21.718
controle4-58,,205896.129,188434.625,21.593
controle4-59,,205895.584,188435.473,21.658
controle4-60,,205895.237,188436.276,22.068
controle4-61,,205900.305,188434.137,21.965
controle4-62,,205899.865,188435.450,21.731
controle4-63,,205899.695,188436.304,21.707
controle4-64,,205899.060,188437.490,21.695
controle4-65,,205898.715,188438.241,22.126
controle4-66,,205903.205,188435.455,22.098
controle4-67,,205902.833,188436.673,21.856
controle4-68,,205902.275,188437.439,21.818
controle4-69,,205901.776,188438.479,21.814
controle4-70,,205901.233,188439.561,21.812
controle4-71,,205905.571,188436.770,22.074
controle4-72,,205905.337,188437.748,21.899
controle4-73,,205904.651,188438.687,21.760
controle4-74,,205904.149,188439.688,21.698
controle4-75,,205903.603,188440.656,21.797
controle5-1,,205953.405,188460.245,22.068
controle5-2,,205953.120,188460.778,21.820
controle5-3,,205952.768,188461.746,21.795
controle5-4,,205952.353,188462.419,21.823
controle5-5,,205952.099,188463.445,21.874
controle5-6,,205956.462,188461.531,22.087
controle5-7,,205956.202,188462.368,21.787
controle5-8,,205955.843,188463.210,21.740
controle5-9,,205955.345,188463.795,21.792
controle5-10,,205954.907,188464.881,21.775
controle5-11,,205959.444,188462.655,22.074
controle5-12,,205959.149,188463.756,21.879
controle5-13,,205958.726,188464.613,21.881
controle5-14,,205958.196,188465.413,21.867
controle5-15,,205957.619,188466.448,21.779
controle5-16,,205962.458,188463.802,22.203
controle5-17,,205962.147,188464.682,21.848
controle5-18,,205961.693,188465.634,21.815
controle5-19,,205961.154,188466.524,21.842
controle5-20,,205960.527,188467.832,22.084
controle5-21,,205965.310,188465.354,22.026
controle5-22,,205965.035,188466.287,21.897
controle5-23,,205964.531,188467.086,21.908
controle5-24,,205964.283,188467.675,21.882
controle5-25,,205963.723,188468.892,21.906
controle5-26,,205968.530,188466.677,22.056
controle5-27,,205968.237,188467.540,21.831
controle5-28,,205967.891,188468.332,21.836
controle5-29,,205967.480,188469.362,21.943
controle5-30,,205966.992,188470.198,21.943
controle5-31,,205971.423,188467.978,21.990
controle5-32,,205971.113,188468.880,21.906
controle5-33,,205970.633,188469.744,21.891
controle5-34,,205970.178,188470.537,21.817
controle5-35,,205969.634,188471.450,21.917
controle5-36,,205974.764,188469.495,22.150
controle5-37,,205974.565,188470.420,21.896
controle5-38,,205974.006,188471.310,21.836
controle5-39,,205973.457,188472.132,21.827
controle5-40,,205972.987,188473.310,21.988
controle5-41,,205977.817,188470.903,22.154
controle5-42,,205977.308,188471.931,21.818
controle5-43,,205976.937,188472.911,21.763
controle5-44,,205976.494,188473.940,21.772
controle5-45,,205976.202,188474.780,22.016
controle5-46,,205980.469,188472.060,22.072
controle5-47,,205980.177,188472.914,21.789
controle5-48,,205979.695,188473.982,21.747
controle5-49,,205979.308,188474.693,21.743
controle5-50,,205978.956,188475.843,21.893
controle5-51,,205983.589,188473.575,21.999
controle5-52,,205983.159,188474.472,21.739
controle5-53,,205982.716,188475.443,21.889
controle5-54,,205982.124,188476.290,21.941
controle5-55,,205981.742,188477.317,22.007
controle5-56,,205986.791,188474.931,22.120
controle5-57,,205986.567,188475.820,21.850
controle5-58,,205986.057,188476.820,21.920
controle5-59,,205985.524,188477.901,21.918
controle5-60,,205985.100,188478.869,22.148
controle5-61,,205989.756,188476.210,22.151
controle5-62,,205989.404,188477.030,21.771
controle5-63,,205988.929,188478.034,21.823
controle5-64,,205988.322,188478.868,21.854
controle5-65,,205988.221,188479.672,21.999
controle5-66,,205992.668,188477.581,21.955
controle5-67,,205992.260,188478.260,21.791
controle5-68,,205991.952,188479.022,21.763
controle5-69,,205991.509,188479.856,21.782
controle5-70,,205991.060,188480.928,21.861
controle5-71,,205995.637,188479.045,22.069
controle5-72,,205995.389,188479.921,21.880
controle5-73,,205994.967,188480.521,21.828
controle5-74,,205994.268,188481.338,21.763
controle5-75,,205993.925,188482.364,21.883
controle6-1,,206043.968,188501.235,21.926
controle6-2,,206043.632,188502.061,21.817
controle6-3,,206043.264,188502.902,21.840
controle6-4,,206042.881,188503.922,21.936
controle6-5,,206042.395,188504.904,21.954
controle6-6,,206046.682,188502.472,22.140
controle6-7,,206046.481,188503.322,21.925
controle6-8,,206046.007,188504.183,21.850
controle6-9,,206045.443,188505.008,21.819
controle6-10,,206044.776,188506.021,21.890
controle6-11,,206050.054,188503.872,21.991
controle6-12,,206049.832,188504.883,21.924
controle6-13,,206049.320,188505.749,21.964
controle6-14,,206048.954,188506.673,21.992
controle6-15,,206048.401,188507.813,22.170
controle6-16,,206053.004,188505.229,22.004
controle6-17,,206052.775,188506.202,21.984
controle6-18,,206052.142,188507.138,21.863
controle6-19,,206051.747,188508.188,21.944
controle6-20,,206051.332,188509.097,22.078
controle6-21,,206056.088,188506.800,21.972
controle6-22,,206055.871,188507.870,21.935
controle6-23,,206055.329,188508.626,21.808
controle6-24,,206054.820,188509.647,21.871
controle6-25,,206054.219,188510.542,22.078
controle6-26,,206059.086,188508.288,22.227
controle6-27,,206058.923,188509.145,21.846
controle6-28,,206058.361,188510.300,21.904
controle6-29,,206057.981,188511.231,21.928
controle6-30,,206057.519,188512.072,21.999
controle6-31,,206061.916,188509.674,22.194
controle6-32,,206061.587,188510.635,21.974
controle6-33,,206061.143,188511.400,21.939
controle6-34,,206060.592,188512.335,21.829
controle6-35,,206060.132,188513.596,22.110
controle6-36,,206064.866,188511.063,22.324
controle6-37,,206064.508,188512.018,21.999
controle6-38,,206063.973,188512.582,21.998
controle6-39,,206063.381,188513.340,21.911
controle6-40,,206062.746,188514.150,21.761
controle6-41,,206068.030,188512.989,22.108
controle6-42,,206067.687,188513.933,21.919
controle6-43,,206067.301,188514.486,21.991
controle6-44,,206066.588,188515.317,21.918
controle6-45,,206066.062,188516.161,21.923
controle6-46,,206070.940,188514.035,22.260
controle6-47,,206070.582,188515.008,21.960
controle6-48,,206070.069,188515.938,21.939
controle6-49,,206069.546,188516.752,21.945
controle6-50,,206069.050,188517.875,21.975
controle6-51,,206073.916,188515.353,22.167
controle6-52,,206073.394,188516.216,21.941
controle6-53,,206072.819,188517.199,21.964
controle6-54,,206072.421,188518.049,21.911
controle6-55,,206071.882,188519.143,21.907
controle6-56,,206076.305,188516.735,22.192
controle6-57,,206075.892,188517.572,21.940
controle6-58,,206075.241,188518.755,21.816
controle6-59,,206074.744,188519.437,21.991
controle6-60,,206074.111,188520.275,21.920
controle6-61,,206079.500,188518.715,22.093
controle6-62,,206079.155,188519.597,21.871
controle6-63,,206078.640,188520.465,21.877
controle6-64,,206078.047,188521.173,21.909
controle6-65,,206077.588,188521.986,21.839
controle6-66,,206082.305,188520.130,22.209
controle6-67,,206081.906,188520.985,21.989
controle6-68,,206081.609,188521.778,21.866
controle6-69,,206081.077,188522.627,21.910
controle6-70,,206080.614,188523.734,21.915
controle6-71,,206085.323,188521.831,22.230
controle6-72,,206084.850,188522.712,21.925
controle6-73,,206084.390,188523.132,21.894
controle6-74,,206083.867,188523.741,21.900
controle6-75,,206083.200,188524.556,21.810
